{"E05000486": 3.0480516190116735, "E05000579": 14.284228198847131, "E05000578": 12.6542181840599, "E05000070": 6.179314501334877, "E05000071": 5.675843006922158, "E05000078": 9.68393527700357, "E05000131": 15.145217463769566, "E05000247": 10.854531029011454, "E05000246": 11.634915939118903, "E05000245": 16.214600213572623, "E05000244": 7.445640453202496, "E05000243": 7.385358166091742, "E05000242": 11.361967538121231, "E05000478": 9.018973792218283, "E05000130": 10.754825482406423, "E05000248": 16.845664053861125, "E05000642": 10.2179599485436, "E05000641": 13.253572560106642, "E05000640": 12.634226964218282, "E05000647": 10.746536699134449, "E05000646": 12.168870344256291, "E05000645": 12.027685452260389, "E05000644": 7.841346089775139, "E05000649": 7.112260753836697, "E05000648": 18.311763552441313, "E05000133": 15.75323120779773, "E05000631": 13.149231756367739, "E05000229": 9.767857276795215, "E05000228": 9.124213205186157, "E05000540": 14.105728917142548, "E05000541": 9.469267736829906, "E05000543": 8.013492291112872, "E05000544": 16.914661917470543, "E05000545": 8.179844998142363, "E05000546": 16.1153464687725, "E05000547": 6.800485559241025, "E05000548": 13.792095163660502, "E05000549": 16.85893036533896, "E05000143": 12.236664912019283, "E05000638": 9.586553943162336, "E05000639": 16.96896345736763, "E05000498": 6.408859412179408, "E05000499": 13.135267823308345, "E05000496": 5.048008101821673, "E05000148": 4.222823032809566, "E05000494": 8.63299781664588, "E05000495": 1.9680712605708068, "E05000492": 6.249409318412451, "E05000493": 4.5246924747403146, "E05000490": 6.428268252479602, "E05000149": 7.071475339915872, "E05000168": 4.251421478557831, "E05000167": 10.173788316426018, "E05000164": 12.110922980784698, "E05000163": 9.393881589769851, "E05000339": 7.971170395091353, "E05000338": 2.545849876583738, "E05000337": 5.563584482142474, "E05000336": 7.42077421180381, "E05000335": 5.660706474948714, "E05000334": 3.7778163443544526, "E05000333": 5.244956841350985, "E05000332": 2.949906392464679, "E05000331": 3.5617282036164206, "E05000330": 2.1349315807656906, "E05000459": 10.66550188425419, "E05000636": 11.603263199017826, "E05000637": 6.76867561411981, "E05000382": 13.70873854197546, "E05000383": 13.80652044358513, "E05000429": 11.483882524058702, "E05000428": 9.557382287686641, "E05000386": 8.165652642194791, "E05000387": 10.32882340789817, "E05000384": 8.201781274798803, "E05000385": 6.597274524532989, "E05000423": 4.990056043363009, "E05000422": 11.124754179274122, "E05000421": 8.7180131960938, "E05000420": 10.878568298756623, "E05000427": 12.317896171637045, "E05000426": 10.04409177582266, "E05000425": 8.826952198740576, "E05000424": 8.904125191787546, "E05000634": 16.775111465291992, "E05000456": 5.289308897610673, "E05000457": 8.17154269670904, "E05000569": 12.831582590896167, "E05000280": 11.05445774278611, "E05000117": 2.041972612724566, "E05000116": 8.815476532939705, "E05000115": 8.206856162701923, "E05000114": 4.116806988659942, "E05000298": 8.384197573354708, "E05000112": 7.114531930201785, "E05000111": 5.24460901803005, "E05000110": 4.9419188148335635, "E05000294": 5.349868962220407, "E05000295": 2.8065672019468155, "E05000296": 5.306213704600127, "E05000297": 7.875534267757741, "E05000290": 5.371654477640162, "E05000291": 10.664145911774353, "E05000292": 4.45641108686326, "E05000118": 7.708545528690639, "E05000618": 6.044261475815192, "E05000593": 6.6993055695687, "E05000592": 6.563772454396135, "E05000591": 8.605683165638096, "E05000590": 9.757852484803525, "E05000597": 10.106486618196817, "E05000596": 7.3286389761755375, "E05000595": 7.605399764144699, "E05000594": 8.018417493992706, "E05000610": 12.576046806251835, "E05000611": 5.728104046666536, "E05000599": 4.034350494677665, "E05000598": 10.231823956511038, "E05000614": 11.56909164611951, "E05000616": 4.663215423658375, "E05000617": 15.861983585860196, "E05000203": 2.576478961830217, "E05000202": 7.987076584195344, "E05000201": 7.843534663655157, "E05000200": 12.860495089030836, "E05000207": 5.731823489502853, "E05000206": 2.5276658546933124, "E05000205": 9.82160378318066, "E05000204": 9.659564124098988, "E05000209": 8.461778643129032, "E05000208": 10.384220400103185, "E05000470": 8.88607922749841, "E05000471": 12.702998181127391, "E05000473": 6.19673441500637, "E05000474": 4.010219217831685, "E05000475": 7.356956753910457, "E05000476": 7.557297284560247, "E05000026": 9.317149631182835, "E05000571": 10.704857144515596, "E05000570": 8.460212734354394, "E05000573": 12.534547123219037, "E05000572": 5.271470203455968, "E05000575": 6.479917104317288, "E05000574": 11.542914587014046, "E05000577": 7.040076972211966, "E05000576": 7.897549120841273, "E05000180": 7.001433657830564, "E05000181": 3.271754545118561, "E05000182": 6.9571779318011995, "E05000183": 3.903944601756952, "E05000184": 9.31705202272545, "E05000185": 6.82237243616605, "E05000186": 4.211520424331245, "E05000187": 4.573777995323007, "E05000188": 9.165978631934038, "E05000189": 3.3372844257024736, "E05000508": 2.061901829061247, "E05000509": 15.325679891374385, "E05000058": 9.994745579869965, "E05000059": 3.6298117994515136, "E05000056": 6.521681368632217, "E05000057": 5.4682039716781725, "E05000054": 6.125004252785472, "E05000055": 11.344760202705295, "E05000052": 12.120767781533461, "E05000053": 8.115113977219014, "E05000050": 5.341353161980051, "E05000051": 11.735327675105097, "E05000027": 3.6772513990497346, "E05000379": 6.0821042449415215, "E05000378": 12.415105519099281, "E05000373": 8.84088028820249, "E05000372": 12.79451427324517, "E05000371": 12.793735622819574, "E05000370": 21.459631400250455, "E05000377": 18.16416776156602, "E05000376": 12.645267863591746, "E05000375": 12.211764040166935, "E05000374": 21.973891161355223, "E05000113": 10.950338114548606, "E05000063": 9.611625572841, "E05000062": 8.436798355091227, "E05000119": 4.365197924807146, "E05000293": 5.563152495808119, "E05000535": 15.169810123693939, "E05000534": 6.968871521513786, "E05000537": 18.180450903775895, "E05000536": 10.889296528208696, "E05000531": 11.40833918060618, "E05000530": 4.627049640823947, "E05000533": 6.367579966230529, "E05000532": 6.074905006812516, "E05000539": 7.746679867448177, "E05000538": 11.74828722171126, "E05000029": 3.1610466308772533, "E05000028": 6.874961875720776, "E05000621": 10.29263493963936, "E05000259": 3.4268211292799444, "E05000623": 8.998838639003383, "E05000258": 3.322734842814574, "E05000620": 5.235384230648947, "E05000151": 7.791531485062095, "E05000622": 10.173915066093825, "E05000627": 8.435154891744215, "E05000629": 16.223542401925034, "E05000628": 22.021764294859288, "E05000159": 9.175868527229728, "E05000158": 6.385120405078588, "E05000254": 6.24538599854792, "E05000255": 8.972766826276834, "E05000256": 11.140251002413248, "E05000257": 6.113549795549637, "E05000449": 15.58771146658853, "E05000448": 9.743873190445665, "E05000322": 6.18256567073382, "E05000325": 4.874604468534691, "E05000326": 7.826925206859207, "E05000327": 4.668493277642151, "E05000328": 5.001184981353637, "E05000329": 6.886054645604262, "E05000443": 11.892223147594937, "E05000442": 5.728226474696498, "E05000445": 8.10579056037119, "E05000444": 16.446079551030365, "E05000447": 11.609183938405291, "E05000250": 8.906075853496516, "E05009294": 5.362646047931265, "E05009297": 4.150787479633167, "E05000251": 10.456305125392612, "E05009293": 20.39597096073898, "E05000252": 11.587457166131838, "E05009292": 4.118774657862444, "E05000253": 7.57712244528389, "E05009291": 7.700420299587592, "E05009290": 15.176921836453952, "E05000438": 18.012341289526233, "E05000439": 11.90015739608977, "E05000434": 11.590927126108717, "E05000435": 16.766088211855692, "E05000436": 13.512789610187331, "E05000437": 6.096566309812735, "E05000430": 9.378657180611171, "E05000431": 7.319451386018846, "E05000432": 7.607001006451475, "E05000433": 15.82823244798121, "E05009295": 2.9406922948801117, "E05009299": 1.0447621501843527, "E05009298": 10.671325099768206,